//6 not right
MariaDB [henrybooks]> select Title, AuthorFirst = 'Stephen', AuthorLast ='King' from Book, Wrote, Author where Author.AuthorNum = Wrote.AuthorNum and Wrote.BookCode = Book.BookCode; 
+------------------------------------------+-------------------------+--------------------+
| Title                                    | AuthorFirst = 'Stephen' | AuthorLast ='King' |
+------------------------------------------+-------------------------+--------------------+
| A Deepness in the Sky                    |                       0 |                  0 |
| Magic Terror                             |                       0 |                  0 |
| The Stranger                             |                       0 |                  0 |
| Venice                                   |                       0 |                  0 |
| Second Wind                              |                       0 |                  0 |
| The Edge                                 |                       0 |                  0 |
| Dreamcatcher: A Novel                    |                       1 |                  1 |
| Treasure Chests                          |                       0 |                  0 |
| Treasure Chests                          |                       0 |                  0 |
| Beloved                                  |                       0 |                  0 |
| Harry Potter and the Prisoner of Azkaban |                       0 |                  0 |
| Van Gogh and Gauguin                     |                       0 |                  0 |
| Van Gogh and Gauguin                     |                       0 |                  0 |
| Of Mice and Men                          |                       0 |                  0 |
| Electric Light                           |                       0 |                  0 |
| Group: Six People in Search of a Life    |                       0 |                  0 |
| Nine Stories                             |                       0 |                  0 |
| The Soul of a New Machine                |                       0 |                  0 |
| Travels with Charley                     |                       0 |                  0 |
| Catch-22                                 |                       0 |                  0 |
| Jazz                                     |                       0 |                  0 |
| Band of Brothers                         |                       0 |                  0 |
| A Guide to SQL                           |                       0 |                  0 |
| Franny and Zooey                         |                       0 |                  0 |
| East of Eden                             |                       0 |                  0 |
| Harry Potter and the Goblet of Fire      |                       0 |                  0 |
| The Fall                                 |                       0 |                  0 |
| Godel, Escher, Bach                      |                       0 |                  0 |
| When Rabbit Howls                        |                       0 |                  0 |
| Black House                              |                       0 |                  0 |
| Black House                              |                       1 |                  1 |
| Song of Solomon                          |                       0 |                  0 |
| The Grapes of Wrath                      |                       0 |                  0 |
| Slay Ride                                |                       0 |                  0 |
| The Catcher in the Rye                   |                       0 |                  0 |
| To Kill a Mockingbird                    |                       0 |                  0 |
+------------------------------------------+-------------------------+--------------------+
36 rows in set (0.00 sec)

MariaDB [henrybooks]> \t

//4 finished?
MariaDB [henrybooks]> select BranchName, OnHand from Branch, Inventory where Branch.BranchNum = Inventory.BranchNum;
+-------------------+--------+
| BranchName        | OnHand |
+-------------------+--------+
| Henry Downtown    |      2 |
| Henry Downtown    |      1 |
| Henry Downtown    |      3 |
| Henry Downtown    |      3 |
| Henry Downtown    |      2 |
| Henry Downtown    |      1 |
| Henry Downtown    |      1 |
| Henry Downtown    |      3 |
| Henry Downtown    |      2 |
| Henry Downtown    |      2 |
| Henry Downtown    |      2 |
| Henry On The Hill |      2 |
| Henry On The Hill |      3 |
| Henry On The Hill |      1 |
| Henry On The Hill |      1 |
| Henry On The Hill |      4 |
| Henry On The Hill |      1 |
| Henry On The Hill |      3 |
| Henry On The Hill |      1 |
| Henry On The Hill |      1 |
| Henry On The Hill |      4 |
| Henry On The Hill |      2 |
| Henry On The Hill |      2 |
| Henry On The Hill |      2 |
| Henry On The Hill |      1 |
| Henry On The Hill |      3 |
| Henry Brentwood   |      2 |
| Henry Brentwood   |      2 |
| Henry Brentwood   |      2 |
| Henry Brentwood   |      2 |
| Henry Brentwood   |      2 |
| Henry Brentwood   |      2 |
| Henry Brentwood   |      3 |
| Henry Brentwood   |      2 |
| Henry Brentwood   |      1 |
| Henry Brentwood   |      5 |
| Henry Brentwood   |      3 |
| Henry Brentwood   |      3 |
| Henry Eastshore   |      3 |
| Henry Eastshore   |      1 |
| Henry Eastshore   |      3 |
| Henry Eastshore   |      1 |
| Henry Eastshore   |      2 |
| Henry Eastshore   |      1 |
| Henry Eastshore   |      2 |
| Henry Eastshore   |      2 |
| Henry Eastshore   |      2 |
+-------------------+--------+
47 rows in set (0.01 sec)

MariaDB [henrybooks]> \t

//7 finished?
MariaDB [henrybooks]> select Title, Type, Price from Book where Paperback = 'Y';
+---------------------------------------+------+-------+
| Title                                 | Type | Price |
+---------------------------------------+------+-------+
| A Deepness in the Sky                 | SFI  |  7.19 |
| Magic Terror                          | HOR  |  7.99 |
| The Stranger                          | FIC  |  8.00 |
| The Edge                              | MYS  |  6.99 |
| Beloved                               | FIC  | 12.95 |
| Of Mice and Men                       | FIC  |  6.95 |
| Group: Six People in Search of a Life | PSY  | 10.40 |
| Nine Stories                          | FIC  |  5.99 |
| The Soul of a New Machine             | SCI  | 11.16 |
| Travels with Charley                  | TRA  |  7.95 |
| Catch-22                              | FIC  | 12.00 |
| Jazz                                  | FIC  | 12.95 |
| Band of Brothers                      | HIS  |  9.60 |
| A Guide to SQL                        | CMP  | 37.95 |
| Franny and Zooey                      | FIC  |  5.99 |
| East of Eden                          | FIC  | 12.95 |
| The Fall                              | FIC  |  8.00 |
| Godel, Escher, Bach                   | PHI  | 14.00 |
| When Rabbit Howls                     | PSY  |  6.29 |
| Song of Solomon                       | FIC  | 14.00 |
| The Grapes of Wrath                   | FIC  | 13.00 |
| Slay Ride                             | MYS  |  6.99 |
| The Catcher in the Rye                | FIC  |  5.99 |
+---------------------------------------+------+-------+
23 rows in set (0.01 sec)

MariaDB [henrybooks]> \t

//Real number 6
MariaDB [henrybooks]> select Title from Book, Wrote, Author where Author.AuthorNum = Wrote.AuthorNum and Wrote.BookCode = Book.BookCode and AuthorFirst ='Stephen' and AuthorLast='King';
+-----------------------+
| Title                 |
+-----------------------+
| Dreamcatcher: A Novel |
| Black House           |
+-----------------------+
2 rows in set (0.00 sec)

MariaDB [henrybooks]> \t

//4 finished
MariaDB [henrybooks]> select BranchName, count(OnHand) from Branch, Inventory where Branch.BranchNum = Inventory.BranchNum group by BranchName;
+-------------------+---------------+
| BranchName        | count(OnHand) |
+-------------------+---------------+
| Henry Brentwood   |            12 |
| Henry Downtown    |            11 |
| Henry Eastshore   |             9 |
| Henry On The Hill |            15 |
+-------------------+---------------+
4 rows in set (0.00 sec)

MariaDB [henrybooks]> \t

//8 might not be right?
MariaDB [henrybooks]> select BranchName, OnHand from Branch, Inventory where Branch.BranchNum = Inventory.BranchNum and OnHand>= 10;
Empty set (0.00 sec)

MariaDB [henrybooks]> \t

//9 finished
MariaDB [henrybooks]> select Title, AuthorFirst, AuthorLast from Book, Author, Wrote where Book.BookCode = Wrote.BookCode and  Author.AuthorNum = Wrote.AuthorNum order by Title desc;
+------------------------------------------+-------------+--------------+
| Title                                    | AuthorFirst | AuthorLast   |
+------------------------------------------+-------------+--------------+
| When Rabbit Howls                        | Truddi      | Chase        |
| Venice                                   | Gary        | Wills        |
| Van Gogh and Gauguin                     | Bradley     | Collins      |
| Van Gogh and Gauguin                     | Bradley     | Collins, Jr. |
| Treasure Chests                          | Randy       | O'Rourke     |
| Treasure Chests                          | Lon         | Schleining   |
| Travels with Charley                     | John        | Steinbeck    |
| To Kill a Mockingbird                    | Harper      | Lee          |
| The Stranger                             | Albert      | Camus        |
| The Soul of a New Machine                | Tracy       | Kidder       |
| The Grapes of Wrath                      | John        | Steinbeck    |
| The Fall                                 | Albert      | Camus        |
| The Edge                                 | Dick        | Francis      |
| The Catcher in the Rye                   | J.D.        | Salinger     |
| Song of Solomon                          | Toni        | Morrison     |
| Slay Ride                                | Dick        | Francis      |
| Second Wind                              | Dick        | Francis      |
| Of Mice and Men                          | John        | Steinbeck    |
| Nine Stories                             | J.D.        | Salinger     |
| Magic Terror                             | Peter       | Straub       |
| Jazz                                     | Toni        | Morrison     |
| Harry Potter and the Prisoner of Azkaban | J.K.        | Rowling      |
| Harry Potter and the Goblet of Fire      | J.K.        | Rowling      |
| Group: Six People in Search of a Life    | Paul        | Solotaroff   |
| Godel, Escher, Bach                      | Douglas R.  | Hofstadter   |
| Franny and Zooey                         | J.D.        | Salinger     |
| Electric Light                           | Seamus      | Heaney       |
| East of Eden                             | John        | Steinbeck    |
| Dreamcatcher: A Novel                    | Stephen     | King         |
| Catch-22                                 | Joseph      | Heller       |
| Black House                              | Peter       | Straub       |
| Black House                              | Stephen     | King         |
| Beloved                                  | Toni        | Morrison     |
| Band of Brothers                         | Stephen E.  | Ambrose      |
| A Guide to SQL                           | Philip      | Pratt        |
| A Deepness in the Sky                    | Vernor      | Vintage      |
+------------------------------------------+-------------+--------------+
36 rows in set (0.00 sec)

MariaDB [henrybooks]> \t

//10 finished
MariaDB [henrybooks]> select PublisherName, count(Title) from Publisher, Book where Publisher.PublisherCode = Book.PublisherCode group by PublisherName; 
+--------------------------+--------------+
| PublisherName            | count(Title) |
+--------------------------+--------------+
| Back Bay Books           |            1 |
| Basic Books              |            1 |
| Berkley Publishing       |            1 |
| Course Technology        |            1 |
| Farrar Straus and Giroux |            1 |
| Fawcett Books            |            1 |
| HarperCollins Publishers |            1 |
| Jove Publications        |            3 |
| Lb Books                 |            3 |
| Penguin USA              |            4 |
| Plume                    |            3 |
| Putnam Publishing Group  |            1 |
| Random House             |            1 |
| Scholastic Trade         |            2 |
| Scribner                 |            2 |
| Simon and Schuster       |            1 |
| Taunton Press            |            1 |
| Tor Books                |            1 |
| Touchstone Books         |            1 |
| Vintage Books            |            2 |
| Westview Press           |            1 |
+--------------------------+--------------+
21 rows in set (0.00 sec)

MariaDB [henrybooks]> \t

//11 finished
MariaDB [henrybooks]> select count(Title) from Book where Price <= 10.00;
+--------------+
| count(Title) |
+--------------+
|           13 |
+--------------+
1 row in set (0.00 sec)

MariaDB [henrybooks]> \t

//12 finished
MariaDB [henrybooks]> select AuthorLast, count(Title) from Author, Publisher, Wrote, Book where Wrote.AuthorNum = Author.AuthorNum and Book.BookCode = Wrote.BookCode and Book.PublisherCode = Publisher.PublisherCode and PublisherName = 'Simon and Schuster';
+------------+--------------+
| AuthorLast | count(Title) |
+------------+--------------+
| Wills      |            1 |
+------------+--------------+
1 row in set (0.01 sec)

MariaDB [henrybooks]> \t

//13 finished
MariaDB [henrybooks]> select Type, count(OnHand) from Book, Inventory where Book.BookCode = Inventory.BookCode  group by Type;
+------+---------------+
| Type | count(OnHand) |
+------+---------------+
| ART  |             3 |
| CMP  |             1 |
| FIC  |            20 |
| HIS  |             1 |
| HOR  |             4 |
| MYS  |             5 |
| PHI  |             1 |
| POE  |             2 |
| PSY  |             2 |
| SCI  |             2 |
| SFI  |             5 |
| TRA  |             1 |
+------+---------------+
12 rows in set (0.00 sec)

MariaDB [henrybooks]> \t

//14 finished
MariaDB [henrybooks]> select BranchLocation, count(OnHand)from Inventory, Branch where Branch.BranchNum = Inventory.BranchNum and BranchLocation = 'Brentwood Mall';
+----------------+---------------+
| BranchLocation | count(OnHand) |
+----------------+---------------+
| Brentwood Mall |            12 |
+----------------+---------------+
1 row in set (0.00 sec)

MariaDB [henrybooks]> \t

//15 finished
MariaDB [henrybooks]> select BranchLocation, count(NumEmployees), count(OnHand) from Branch, Inventory where Branch.BranchNum = Inventory.BranchNum group by BranchLocation;
+----------------+---------------------+---------------+
| BranchLocation | count(NumEmployees) | count(OnHand) |
+----------------+---------------------+---------------+
| 1289 Bedford   |                  15 |            15 |
| 16 Riverview   |                  11 |            11 |
| Brentwood Mall |                  12 |            12 |
| Eastshore Mall |                   9 |             9 |
+----------------+---------------------+---------------+
4 rows in set (0.00 sec)

MariaDB [henrybooks]> \t

//17 finished 
MariaDB [henrybooks]> select PublisherName from Publisher where PublisherName like 'T%';
+-------------------+
| PublisherName     |
+-------------------+
| Taunton Press     |
| Tor Books         |
| Thames and Hudson |
| Touchstone Books  |
+-------------------+
4 rows in set (0.00 sec)

MariaDB [henrybooks]> \t

//18 finished?
MariaDB [henrybooks]> select AuthorFirst, AuthorLast from Author where AuthorFirst like '%ll%' or AuthorLast like '%ll%' group by AuthorFirst;
+-------------+------------+
| AuthorFirst | AuthorLast |
+-------------+------------+
| Bradley     | Collins    |
| Gary        | Wills      |
| Joseph      | Heller     |
+-------------+------------+
3 rows in set (0.00 sec)

MariaDB [henrybooks]> \t

//19 finished
MariaDB [henrybooks]> select Title, BookCode from Book where BookCode ='079x' or BookCode = '138x' or BookCode = '669x';
+----------------+----------+
| Title          | BookCode |
+----------------+----------+
| Second Wind    | 079X     |
| Beloved        | 138X     |
| A Guide to SQL | 669X     |
+----------------+----------+
3 rows in set (0.00 sec)

MariaDB [henrybooks]> \t
MariaDB [henrybooks]> select count(NumEmployees) from Branch;
+---------------------+
| count(NumEmployees) |
+---------------------+
|                   4 |
+---------------------+
1 row in set (0.00 sec)

MariaDB [henrybooks]> \t
